,Image,Accuracy,F1,Jaccard,Recall,Precision
0,1,0.9969482421875,0.9131944444444444,0.8402555910543131,0.8976109215017065,0.9293286219081273
1,1006,0.9986572265625,0.8942307692307692,0.808695652173913,0.9789473684210527,0.8230088495575221
2,1008,0.99920654296875,0.9527272727272726,0.9097222222222222,0.9849624060150376,0.9225352112676056
3,1023,0.9986572265625,0.9513274336283185,0.9071729957805907,0.9148936170212766,0.9907834101382489
4,1042,0.998291015625,0.9014084507042254,0.8205128205128205,0.8258064516129032,0.9922480620155039
5,1044,0.9990234375,0.9583333333333333,0.92,0.9484536082474226,0.968421052631579
6,1045,0.9989013671875,0.9491525423728814,0.9032258064516129,0.9230769230769231,0.9767441860465116
7,1054,0.99591064453125,0.8445475638051045,0.7309236947791165,0.8465116279069768,0.8425925925925926
8,1056,0.99334716796875,0.7992633517495396,0.6656441717791411,0.6697530864197531,0.9908675799086758
9,1061,0.99810791015625,0.8634361233480178,0.7596899224806202,0.8990825688073395,0.8305084745762712
10,1064,0.99163818359375,0.2827225130890052,0.16463414634146342,0.84375,0.16981132075471697
11,1073,0.99810791015625,0.8074534161490683,0.6770833333333334,0.6770833333333334,1.0
12,1075,0.9744873046875,0.3386075949367089,0.2038095238095238,0.2356828193832599,0.601123595505618
13,1089,0.99298095703125,0.7242206235011991,0.5676691729323309,0.5676691729323309,1.0
14,109,0.99755859375,0.9511002444987775,0.9067599067599068,0.9848101265822785,0.9196217494089834
15,1090,0.9962158203125,0.875,0.7777777777777778,0.7805755395683454,0.9954128440366973
16,1099,0.9918212890625,0.70995670995671,0.5503355704697986,0.563573883161512,0.9590643274853801
17,110,0.99676513671875,0.8436578171091446,0.7295918367346939,0.7333333333333333,0.9930555555555556
18,1109,0.9945068359375,0.5794392523364487,0.40789473684210525,0.5535714285714286,0.6078431372549019
19,1117,0.98089599609375,0.07669616519174041,0.03987730061349693,0.3333333333333333,0.043333333333333335
20,1135,0.9991455078125,0.9421487603305785,0.890625,1.0,0.890625
21,114,0.9993896484375,0.9553571428571429,0.9145299145299145,0.9553571428571429,0.9553571428571429
22,1140,0.998291015625,0.8653846153846154,0.7627118644067796,0.7758620689655172,0.9782608695652174
23,1143,0.99761962890625,0.8729641693811074,0.7745664739884393,0.7745664739884393,1.0
24,1149,0.9990234375,0.9191919191919191,0.8504672897196262,0.9680851063829787,0.875
25,1154,0.99957275390625,0.970464135021097,0.9426229508196722,0.9745762711864406,0.9663865546218487
26,1156,0.9984130859375,0.900763358778626,0.8194444444444444,0.9833333333333333,0.8309859154929577
27,1158,0.997314453125,0.9140625,0.841726618705036,0.8447653429602888,0.9957446808510638
28,116,0.96942138671875,0.5214899713467049,0.35271317829457366,0.9612676056338029,0.3577981651376147
29,1167,0.99945068359375,0.9433962264150944,0.8928571428571429,0.9259259259259259,0.9615384615384616
30,1184,0.99871826171875,0.9642248722316865,0.930921052631579,0.9826388888888888,0.9464882943143813
31,1189,0.9984130859375,0.8142857142857143,0.6867469879518072,0.7307692307692307,0.9193548387096774
32,1191,0.9971923828125,0.8456375838926175,0.7325581395348837,0.8513513513513513,0.84
33,1196,0.99761962890625,0.7891891891891891,0.6517857142857143,0.6517857142857143,1.0
34,1197,0.998779296875,0.9029126213592233,0.8230088495575221,0.8454545454545455,0.96875
35,1202,0.99835205078125,0.7969924812030075,0.6625,0.7571428571428571,0.8412698412698413
36,1204,0.99908447265625,0.887218045112782,0.7972972972972973,0.8428571428571429,0.9365079365079365
37,1206,0.99908447265625,0.8623853211009174,0.7580645161290323,0.94,0.7966101694915254
38,1207,0.9993896484375,0.8837209302325582,0.7916666666666666,0.9047619047619048,0.8636363636363636
39,1215,0.997802734375,0.5813953488372093,0.4098360655737705,0.4098360655737705,1.0
40,1216,0.9945068359375,0.0,0.0,0.0,1.0
41,1226,0.99969482421875,0.9397590361445782,0.8863636363636364,0.9285714285714286,0.9512195121951219
42,123,0.9979248046875,0.9216589861751151,0.8547008547008547,0.966183574879227,0.8810572687224669
43,1239,0.99835205078125,0.8755760368663593,0.7786885245901639,0.9693877551020408,0.7983193277310925
44,1244,0.99847412109375,0.9049429657794678,0.8263888888888888,0.9754098360655737,0.8439716312056738
45,1246,0.9981689453125,0.8728813559322034,0.7744360902255639,1.0,0.7744360902255639
46,1248,0.99957275390625,0.9817232375979111,0.9641025641025641,0.9791666666666666,0.9842931937172775
47,1250,0.99884033203125,0.9351535836177475,0.8782051282051282,1.0,0.8782051282051282
48,1256,0.998291015625,0.7971014492753623,0.6626506024096386,1.0,0.6626506024096386
49,1264,0.99908447265625,0.9162011173184358,0.845360824742268,0.9425287356321839,0.8913043478260869
50,1269,0.9993896484375,0.8979591836734694,0.8148148148148148,0.9166666666666666,0.88
51,1270,0.99835205078125,0.0,0.0,0.0,1.0
52,1287,0.99981689453125,0.9302325581395349,0.8695652173913043,0.9090909090909091,0.9523809523809523
53,1288,0.9957275390625,0.5070422535211268,0.33962264150943394,0.5806451612903226,0.45
54,1295,0.9927978515625,0.0,0.0,0.0,1.0
55,1298,0.99609375,0.6363636363636365,0.4666666666666667,0.4745762711864407,0.9655172413793104
56,1301,0.9986572265625,0.8493150684931507,0.7380952380952381,1.0,0.7380952380952381
57,1314,0.99908447265625,0.9392712550607288,0.8854961832061069,0.9830508474576272,0.8992248062015504
58,1322,0.9991455078125,0.840909090909091,0.7254901960784313,0.7708333333333334,0.925
59,1327,0.99951171875,0.9523809523809523,0.9090909090909091,0.9876543209876543,0.9195402298850575
60,1328,0.999267578125,0.9354838709677419,0.8787878787878788,0.9354838709677419,0.9354838709677419
61,1332,0.9974365234375,0.6818181818181818,0.5172413793103449,0.5769230769230769,0.8333333333333334
62,1369,0.995849609375,0.6344086021505376,0.4645669291338583,1.0,0.4645669291338583
63,1376,0.998046875,0.7611940298507462,0.6144578313253012,1.0,0.6144578313253012
64,1378,0.99945068359375,0.9174311926605505,0.847457627118644,0.9433962264150944,0.8928571428571429
65,138,0.96673583984375,0.0,0.0,0.0,0.0
66,1383,0.99468994140625,0.5915492957746479,0.42,1.0,0.42
67,1384,0.996337890625,0.7297297297297298,0.574468085106383,1.0,0.574468085106383
68,1391,0.99920654296875,0.9623188405797102,0.9273743016759777,0.9822485207100592,0.9431818181818182
69,1396,0.9906005859375,0.5470588235294117,0.3765182186234818,0.6888888888888889,0.45365853658536587
70,1399,0.99749755859375,0.9053117782909932,0.8270042194092827,0.8305084745762712,0.9949238578680203
71,1400,0.99609375,0.8415841584158414,0.7264957264957265,0.9883720930232558,0.7327586206896551
72,1417,0.9991455078125,0.9078947368421054,0.8313253012048193,0.9583333333333334,0.8625
73,1422,0.9991455078125,0.9156626506024096,0.8444444444444444,1.0,0.8444444444444444
74,1435,0.99224853515625,0.7533980582524272,0.6043613707165109,1.0,0.6043613707165109
75,1454,0.99981689453125,0.9806451612903225,0.9620253164556962,0.987012987012987,0.9743589743589743
76,148,0.9796142578125,0.7680555555555556,0.6234498308906427,0.6385681293302541,0.9634146341463414
77,15,0.99847412109375,0.9537892791127541,0.911660777385159,0.9961389961389961,0.9148936170212766
78,150,0.99468994140625,0.9038674033149172,0.8245967741935484,0.8279352226720648,0.9951338199513382
79,1512,0.9984130859375,0.8673469387755102,0.7657657657657657,1.0,0.7657657657657657
80,153,0.9989013671875,0.9545454545454545,0.9130434782608695,0.984375,0.9264705882352942
81,1531,0.99725341796875,0.8793565683646112,0.784688995215311,0.8541666666666666,0.9060773480662984
82,1533,0.99908447265625,0.9044585987261147,0.8255813953488372,0.9466666666666667,0.8658536585365854
83,1537,0.99920654296875,0.9182389937106918,0.8488372093023255,0.9358974358974359,0.9012345679012346
84,1544,0.99639892578125,0.8637413394919169,0.7601626016260162,0.9790575916230366,0.7727272727272727
85,1547,0.998046875,0.9452054794520549,0.8961038961038961,0.9928057553956835,0.9019607843137255
86,1551,0.99420166015625,0.7806004618937644,0.6401515151515151,1.0,0.6401515151515151
87,1556,0.9971923828125,0.7889908256880734,0.6515151515151515,0.9885057471264368,0.6564885496183206
88,1559,0.99884033203125,0.8983957219251336,0.8155339805825242,1.0,0.8155339805825242
89,1560,0.999267578125,0.9482758620689654,0.9016393442622951,0.990990990990991,0.9090909090909091
90,1572,0.99420166015625,0.42424242424242425,0.2692307692307692,1.0,0.2692307692307692
91,1573,0.99957275390625,0.9176470588235294,0.8478260869565217,0.8666666666666667,0.975
92,1577,0.9970703125,0.8775510204081634,0.7818181818181819,1.0,0.7818181818181819
93,1581,0.99859619140625,0.8795811518324608,0.7850467289719626,0.8235294117647058,0.9438202247191011
94,1585,0.98394775390625,0.35061728395061725,0.2125748502994012,0.21846153846153846,0.8875
95,1587,0.98828125,0.7176470588235294,0.5596330275229358,0.5700934579439252,0.9682539682539683
96,1588,0.982421875,0.6190476190476191,0.4482758620689655,0.4482758620689655,1.0
97,1597,0.9990234375,0.9101123595505618,0.8350515463917526,0.8901098901098901,0.9310344827586207
98,160,0.9989013671875,0.9451219512195121,0.8959537572254336,0.9810126582278481,0.9117647058823529
99,1600,0.998046875,0.8608695652173913,0.7557251908396947,0.9705882352941176,0.7734375
100,1601,0.99835205078125,0.9072164948453608,0.8301886792452831,0.9850746268656716,0.8407643312101911
101,1609,0.99755859375,0.8373983739837398,0.7202797202797203,0.9279279279279279,0.762962962962963
102,1624,0.9951171875,0.9182004089979551,0.8487712665406427,0.9107505070993914,0.9257731958762887
103,1625,0.995361328125,0.9293680297397768,0.8680555555555556,0.9560229445506692,0.9041591320072333
104,163,0.99749755859375,0.0,0.0,0.0,1.0
105,1639,0.99835205078125,0.9367681498829039,0.8810572687224669,0.975609756097561,0.9009009009009009
106,1644,0.9990234375,0.9333333333333333,0.875,0.9411764705882353,0.9256198347107438
107,1665,0.998779296875,0.7777777777777778,0.6363636363636364,0.6730769230769231,0.9210526315789473
108,1676,0.9996337890625,0.9423076923076923,0.8909090909090909,0.9607843137254902,0.9245283018867925
109,1680,0.9990234375,0.9593908629441624,0.9219512195121952,0.9895287958115183,0.9310344827586207
110,1685,0.99188232421875,0.7024608501118568,0.5413793103448276,0.8626373626373627,0.5924528301886792
111,1696,0.9981689453125,0.8986486486486487,0.8159509202453987,0.910958904109589,0.8866666666666667
112,1698,0.99627685546875,0.6514285714285714,0.4830508474576271,1.0,0.4830508474576271
113,1704,0.99853515625,0.8947368421052632,0.8095238095238095,1.0,0.8095238095238095
114,1705,0.99908447265625,0.9473684210526316,0.9,0.9642857142857143,0.9310344827586207
115,1706,0.99920654296875,0.9559322033898304,0.9155844155844156,1.0,0.9155844155844156
116,1709,0.99462890625,0.7142857142857143,0.5555555555555556,0.6790123456790124,0.7534246575342466
117,1712,0.9957275390625,0.8241206030150754,0.7008547008547008,0.7354260089686099,0.9371428571428572
118,1714,0.9986572265625,0.807017543859649,0.6764705882352942,0.6865671641791045,0.9787234042553191
119,1715,0.9990234375,0.9215686274509804,0.8545454545454545,0.9306930693069307,0.912621359223301
120,1719,0.99658203125,0.791044776119403,0.654320987654321,0.75177304964539,0.8346456692913385
121,1723,0.99896240234375,0.8874172185430463,0.7976190476190477,1.0,0.7976190476190477
122,1724,0.9989013671875,0.8749999999999999,0.7777777777777778,0.984375,0.7875
123,1725,0.99530029296875,0.7830985915492957,0.6435185185185185,0.6435185185185185,1.0
124,1733,0.9984130859375,0.9304812834224598,0.87,0.9720670391061452,0.8923076923076924
125,1734,0.99627685546875,0.8676789587852495,0.7662835249042146,0.9900990099009901,0.7722007722007722
126,174,0.997802734375,0.9442724458204336,0.8944281524926686,0.9591194968553459,0.9298780487804879
127,1740,0.99810791015625,0.8784313725490197,0.7832167832167832,0.9572649572649573,0.8115942028985508
128,1753,0.99969482421875,0.9411764705882352,0.8888888888888888,0.9523809523809523,0.9302325581395349
129,1754,0.99969482421875,0.9206349206349206,0.8529411764705882,1.0,0.8529411764705882
130,1767,0.998046875,0.9144385026737969,0.8423645320197044,0.9447513812154696,0.8860103626943006
131,1782,0.99700927734375,0.8280701754385966,0.7065868263473054,0.9516129032258065,0.7329192546583851
132,1785,0.99774169921875,0.7672955974842767,0.6224489795918368,1.0,0.6224489795918368
133,1787,0.99884033203125,0.7532467532467533,0.6041666666666666,0.9666666666666667,0.6170212765957447
134,1795,0.99871826171875,0.9106382978723404,0.8359375,0.9067796610169492,0.9145299145299145
135,1796,0.99853515625,0.9154929577464789,0.8441558441558441,1.0,0.8441558441558441
136,1798,0.99847412109375,0.8979591836734693,0.8148148148148148,1.0,0.8148148148148148
137,1815,0.9984130859375,0.8879310344827587,0.7984496124031008,0.9716981132075472,0.8174603174603174
138,1817,0.99725341796875,0.8163265306122449,0.6896551724137931,0.9900990099009901,0.6944444444444444
139,182,0.9986572265625,0.9632107023411371,0.9290322580645162,0.96,0.9664429530201343
140,1822,0.9984130859375,0.9182389937106918,0.8488372093023255,0.9733333333333334,0.8690476190476191
141,1828,0.99566650390625,0.8960468521229868,0.8116710875331565,0.9870967741935484,0.8203753351206434
142,1837,0.99896240234375,0.9612756264236901,0.9254385964912281,0.9952830188679245,0.9295154185022027
143,184,0.99798583984375,0.8506787330316742,0.7401574803149606,0.8703703703703703,0.831858407079646
144,1842,0.98486328125,0.0,0.0,0.0,1.0
145,1871,0.9971923828125,0.9483146067415731,0.9017094017094017,0.9017094017094017,1.0
146,1872,0.99755859375,0.9640287769784173,0.9305555555555556,0.9469964664310954,0.9816849816849816
147,1873,0.995849609375,0.945773524720893,0.897125567322239,0.9067278287461774,0.9883333333333333
148,1892,0.974609375,0.0,0.0,0.0,1.0
149,1895,0.996337890625,0.9135446685878962,0.8408488063660478,0.9968553459119497,0.8430851063829787
150,190,0.99755859375,0.943502824858757,0.893048128342246,0.9910979228486647,0.9002695417789758
151,1903,0.99444580078125,0.9196822594880847,0.8513071895424836,0.9630314232902033,0.8800675675675675
152,1907,0.99664306640625,0.9131121642969985,0.8401162790697675,0.8601190476190477,0.9730639730639731
153,1930,0.95977783203125,0.3507389162561576,0.2126642771804062,0.21317365269461078,0.9888888888888889
154,1931,0.99676513671875,0.8472622478386167,0.735,0.8166666666666667,0.8802395209580839
155,1945,0.9720458984375,0.0,0.0,0.0,1.0
156,1947,0.98016357421875,0.0,0.0,0.0,0.0
157,1964,0.99578857421875,0.846325167037862,0.7335907335907336,0.7335907335907336,1.0
158,1970,0.9688720703125,0.0,0.0,0.0,1.0
159,1975,0.99334716796875,0.0,0.0,0.0,1.0
160,1977,0.9866943359375,0.0,0.0,0.0,1.0
161,199,0.99835205078125,0.9090909090909091,0.8333333333333334,1.0,0.8333333333333334
162,2004,0.98583984375,0.0,0.0,0.0,1.0
163,2012,0.98468017578125,0.0,0.0,0.0,1.0
164,2013,0.9901123046875,0.36718750000000006,0.22488038277511962,0.24867724867724866,0.7014925373134329
165,2018,0.992919921875,0.0,0.0,0.0,0.0
166,2024,0.989501953125,0.0,0.0,0.0,0.0
167,2033,0.99652099609375,0.8901734104046243,0.8020833333333334,0.8816793893129771,0.8988326848249028
168,2036,0.99822998046875,0.9536,0.9113149847094801,0.9770491803278688,0.93125
169,2049,0.995361328125,0.8782051282051282,0.7828571428571428,0.898360655737705,0.8589341692789969
170,2056,0.969482421875,0.27325581395348836,0.15824915824915825,0.15824915824915825,1.0
171,2058,0.99871826171875,0.0,0.0,0.0,1.0
172,209,0.93817138671875,0.009775171065493646,0.004911591355599214,0.004911591355599214,1.0
173,2090,0.97589111328125,0.7300068352699931,0.5748116254036598,0.6238317757009346,0.8797364085667215
174,2100,0.999755859375,0.9487179487179488,0.9024390243902439,0.9024390243902439,1.0
175,2101,0.99383544921875,0.5627705627705628,0.39156626506024095,0.6372549019607843,0.5038759689922481
176,2109,0.99554443359375,0.0,0.0,0.0,1.0
177,2123,0.9737548828125,0.2375886524822695,0.13480885311871227,0.14660831509846828,0.6261682242990654
178,2124,0.99267578125,0.8895027624309393,0.8009950248756219,0.8961038961038961,0.8829981718464351
179,213,0.995361328125,0.9321428571428572,0.8729096989966555,0.9525547445255474,0.9125874125874126
180,2130,0.99407958984375,0.9205569205569205,0.8528072837632777,0.9894366197183099,0.8606431852986217
181,2132,0.97296142578125,0.7616998386229156,0.6151172893136403,0.6254416961130742,0.9738651994497937
182,2140,0.98980712890625,0.7125645438898451,0.553475935828877,0.6428571428571429,0.7992277992277992
183,2144,0.99432373046875,0.0,0.0,0.0,1.0
184,2151,0.996337890625,0.0,0.0,0.0,1.0
185,2155,0.95086669921875,0.0,0.0,0.0,0.0
186,2157,0.98699951171875,0.0,0.0,0.0,1.0
187,216,0.989990234375,0.6419213973799126,0.47266881028938906,0.513986013986014,0.8546511627906976
188,2163,0.99237060546875,0.9294980259447265,0.8682824025289779,0.9300225733634312,0.9289740698985344
189,2183,0.9649658203125,0.5110732538330494,0.34324942791762014,0.34324942791762014,1.0
190,2184,0.9742431640625,0.36253776435045315,0.22140221402214022,0.22140221402214022,1.0
191,2187,0.9971923828125,0.9190140845070423,0.8501628664495114,0.9923954372623575,0.8557377049180328
192,22,0.9981689453125,0.9627791563275435,0.9282296650717703,0.9651741293532339,0.9603960396039604
193,2208,0.9879150390625,0.7739726027397262,0.6312849162011173,0.6712871287128713,0.9137466307277629
194,2209,0.9906005859375,0.7547770700636942,0.6061381074168798,0.6108247422680413,0.9875
195,2217,0.97882080078125,0.103359173126615,0.05449591280653951,0.05449591280653951,1.0
196,2225,0.985595703125,0.6445783132530121,0.47555555555555556,0.4841628959276018,0.963963963963964
197,2228,0.99676513671875,0.8664987405541562,0.7644444444444445,0.91005291005291,0.8269230769230769
198,2229,0.99542236328125,0.0,0.0,0.0,1.0
199,2247,0.98822021484375,0.0,0.0,0.0,0.0
200,2260,0.99700927734375,0.787878787878788,0.65,1.0,0.65
201,2279,0.98443603515625,0.0,0.0,0.0,1.0
202,2281,0.990234375,0.5721925133689839,0.40074906367041196,0.41312741312741313,0.9304347826086956
203,2286,0.99615478515625,0.0,0.0,0.0,1.0
204,2295,0.981689453125,0.013157894736842106,0.006622516556291391,0.008,0.037037037037037035
205,2298,0.97613525390625,0.7720116618075803,0.6286799620132953,0.8745046235138706,0.6910229645093946
206,2299,0.99163818359375,0.91661594643944,0.8460674157303371,0.930778739184178,0.9028776978417267
207,230,0.99920654296875,0.9289617486338797,0.8673469387755102,0.8854166666666666,0.9770114942528736
208,2309,0.9990234375,0.963302752293578,0.9292035398230089,0.9859154929577465,0.9417040358744395
209,2320,0.9791259765625,0.0,0.0,0.0,1.0
210,2324,0.9923095703125,0.40566037735849053,0.25443786982248523,0.34959349593495936,0.48314606741573035
211,2327,0.9951171875,0.8326359832635982,0.7132616487455197,0.7262773722627737,0.9754901960784313
212,2328,0.981689453125,0.4402985074626865,0.2822966507177033,0.28433734939759037,0.9752066115702479
213,2329,0.99029541015625,0.7994955863808323,0.6659663865546218,0.7529691211401425,0.8521505376344086
214,2337,0.99273681640625,0.7767354596622889,0.6349693251533742,0.971830985915493,0.646875
215,2343,0.9937744140625,0.8891304347826087,0.8003913894324853,0.8279352226720648,0.960093896713615
216,2347,0.98779296875,0.7894736842105263,0.6521739130434783,0.7894736842105263,0.7894736842105263
217,2350,0.99212646484375,0.0,0.0,0.0,1.0
218,2368,0.97259521484375,0.7283726557773744,0.5727878211227403,0.591937069813176,0.9465408805031447
219,2369,0.97064208984375,0.6537077033837293,0.4855614973262032,0.5236447520184544,0.8697318007662835
220,2375,0.99652099609375,0.0,0.0,0.0,1.0
221,2378,0.99090576171875,0.8433228180862251,0.7290909090909091,0.7638095238095238,0.9413145539906104
222,2394,0.974853515625,0.03286384976525822,0.016706443914081145,0.016706443914081145,1.0
223,2395,0.974365234375,0.0,0.0,0.0,1.0
224,2396,0.9586181640625,0.0,0.0,0.0,1.0
225,240,0.9888916015625,0.0,0.0,0.0,0.0
226,2400,0.9908447265625,0.7340425531914893,0.5798319327731093,0.5880681818181818,0.9764150943396226
227,2412,0.99456787109375,0.7925407925407926,0.6563706563706564,0.6563706563706564,1.0
228,2419,0.988525390625,0.0,0.0,0.0,1.0
229,2422,0.98388671875,0.6915887850467289,0.5285714285714286,0.5431192660550459,0.9517684887459807
230,2431,0.99755859375,0.9382716049382716,0.8837209302325582,0.9047619047619048,0.9743589743589743
231,2441,0.99444580078125,0.9246064623032311,0.8597842835130971,0.8759811616954474,0.9789473684210527
232,2443,0.97021484375,0.0,0.0,0.0,0.0
233,2447,0.9920654296875,0.8470588235294119,0.7346938775510204,0.7346938775510204,1.0
234,2462,0.986083984375,0.0,0.0,0.0,0.0
235,2467,0.99176025390625,0.6853146853146853,0.5212765957446809,1.0,0.5212765957446809
236,2469,0.99652099609375,0.5210084033613445,0.3522727272727273,0.4246575342465753,0.6739130434782609
237,247,0.998779296875,0.9038461538461539,0.8245614035087719,0.9791666666666666,0.8392857142857143
238,2481,0.99609375,0.8632478632478633,0.7593984962406015,0.9140271493212669,0.8178137651821862
239,2482,0.9962158203125,0.8952702702702702,0.8103975535168195,0.9233449477351916,0.8688524590163934
240,2486,0.99603271484375,0.8841354723707664,0.792332268370607,0.852233676975945,0.9185185185185185
241,2487,0.993896484375,0.7461928934010151,0.5951417004048583,0.98,0.6024590163934426
242,2490,0.99560546875,0.9566787003610108,0.916955017301038,0.9589867310012062,0.9543817527010804
243,2496,0.995849609375,0.0,0.0,0.0,1.0
244,250,0.998779296875,0.9285714285714285,0.8666666666666667,0.9090909090909091,0.948905109489051
245,2505,0.97357177734375,0.5028702640642938,0.33588957055214724,0.9690265486725663,0.3395348837209302
246,2526,0.99224853515625,0.8621064060803475,0.7576335877862596,0.9407582938388626,0.7955911823647295
247,2530,0.9913330078125,0.0,0.0,0.0,1.0
248,2538,0.9805908203125,0.0,0.0,0.0,1.0
249,2539,0.98114013671875,0.0,0.0,0.0,1.0
250,2553,0.99652099609375,0.8106312292358804,0.6815642458100558,0.8905109489051095,0.7439024390243902
251,2555,0.99114990234375,0.0,0.0,0.0,1.0
252,2566,0.994873046875,0.0,0.0,0.0,1.0
253,2567,0.9974365234375,0.8858695652173914,0.7951219512195122,0.8578947368421053,0.9157303370786517
254,2570,0.99688720703125,0.918918918918919,0.85,0.8601190476190477,0.9863481228668942
255,2573,0.9957275390625,0.8689138576779025,0.7682119205298014,0.8721804511278195,0.8656716417910447
256,2582,0.99755859375,0.9253731343283583,0.8611111111111112,0.9393939393939394,0.9117647058823529
257,2584,0.997802734375,0.8909090909090909,0.8032786885245902,0.901840490797546,0.8802395209580839
258,2586,0.9925537109375,0.7579365079365079,0.610223642172524,0.6345514950166113,0.9408866995073891
259,2592,0.99395751953125,0.7824175824175824,0.6425992779783394,0.652014652014652,0.978021978021978
260,2599,0.99420166015625,0.7710843373493976,0.6274509803921569,1.0,0.6274509803921569
261,2606,0.9639892578125,0.5636094674556212,0.39237899073120497,0.47270471464019853,0.6978021978021978
262,2609,0.98388671875,0.0,0.0,0.0,1.0
263,2610,0.98675537109375,0.5719921104536488,0.4005524861878453,0.4005524861878453,1.0
264,2619,0.9791259765625,0.6139954853273139,0.44299674267100975,0.45107794361525705,0.9611307420494699
265,2620,0.98394775390625,0.7021517553793885,0.5410122164048866,0.5555555555555556,0.9538461538461539
266,2622,0.99310302734375,0.8794023479188902,0.7847619047619048,0.8784648187633263,0.8803418803418803
267,2636,0.995361328125,0.9161147902869757,0.845213849287169,0.8905579399141631,0.9431818181818182
268,2650,0.997314453125,0.8571428571428571,0.75,0.7764705882352941,0.9565217391304348
269,2666,0.990478515625,0.6548672566371682,0.4868421052631579,0.5103448275862069,0.9135802469135802
270,2677,0.98663330078125,0.7574750830564784,0.6096256684491979,0.7633928571428571,0.7516483516483516
271,2681,0.99578857421875,0.0,0.0,0.0,1.0
272,2684,0.99566650390625,0.7004219409282701,0.538961038961039,0.538961038961039,1.0
273,2686,0.99578857421875,0.0,0.0,0.0,1.0
274,2692,0.99249267578125,0.8032,0.6711229946524064,0.9471698113207547,0.6972222222222222
275,2698,0.9822998046875,0.7963483146067416,0.661610268378063,0.6974169741697417,0.9279869067103109
276,2699,0.992431640625,0.8993506493506492,0.8171091445427728,0.8368580060422961,0.9719298245614035
277,27,0.99835205078125,0.8571428571428572,0.75,0.9,0.8181818181818182
278,270,0.99578857421875,0.8812392426850258,0.7876923076923077,0.9808429118773946,0.8
279,2716,0.9837646484375,0.0,0.0,0.0,1.0
280,2728,0.9952392578125,0.9484126984126984,0.9018867924528302,0.9098984771573604,0.9903314917127072
281,274,0.99798583984375,0.9124668435013262,0.8390243902439024,0.9942196531791907,0.8431372549019608
282,2742,0.991455078125,0.8296836982968371,0.7089397089397089,0.9316939890710383,0.7478070175438597
283,2743,0.986328125,0.5836431226765799,0.4120734908136483,0.7235023041474654,0.48909657320872274
284,2783,0.989501953125,0.7866004962779156,0.6482617586912065,0.8453333333333334,0.7354988399071926
285,2784,0.98333740234375,0.6265389876880985,0.45617529880478086,0.715625,0.5571776155717761
286,2791,0.9735107421875,0.5188470066518847,0.3502994011976048,0.36335403726708076,0.9069767441860465
287,2797,0.95965576171875,0.4831899921813917,0.3185567010309278,0.3468013468013468,0.7963917525773195
288,2800,0.98583984375,0.4774774774774775,0.3136094674556213,0.37992831541218636,0.6424242424242425
289,2807,0.99658203125,0.8478260869565217,0.7358490566037735,0.9629629629629629,0.7572815533980582
290,2810,0.9913330078125,0.7041666666666666,0.5434083601286174,1.0,0.5434083601286174
291,2811,0.99566650390625,0.9015256588072122,0.8207070707070707,0.9789156626506024,0.8354755784061697
292,2822,0.99822998046875,0.8663594470046082,0.7642276422764228,0.9894736842105263,0.7704918032786885
293,2828,0.999267578125,0.9375,0.8823529411764706,0.989010989010989,0.8910891089108911
294,283,0.9996337890625,0.9375,0.8823529411764706,1.0,0.8823529411764706
295,2847,0.991455078125,0.8717948717948718,0.7727272727272727,0.9224806201550387,0.8263888888888888
296,2858,0.98907470703125,0.15165876777251186,0.08205128205128205,0.08205128205128205,1.0
297,2862,0.98980712890625,0.0,0.0,0.0,1.0
298,2863,0.9925537109375,0.7024390243902439,0.5413533834586466,0.6428571428571429,0.7741935483870968
299,2883,0.9959716796875,0.7027027027027027,0.5416666666666666,0.9873417721518988,0.5454545454545454
300,2899,0.9959716796875,0.7155172413793105,0.5570469798657718,0.8829787234042553,0.6014492753623188
301,2923,0.9931640625,0.8400000000000001,0.7241379310344828,1.0,0.7241379310344828
302,2924,0.99566650390625,0.8352668213457076,0.7171314741035857,1.0,0.7171314741035857
303,2926,0.993896484375,0.38271604938271603,0.2366412213740458,0.2366412213740458,1.0
304,2927,0.9908447265625,0.6323529411764705,0.46236559139784944,0.9485294117647058,0.4742647058823529
305,2929,0.99267578125,0.8153846153846154,0.6883116883116883,0.9742647058823529,0.701058201058201
306,2934,0.99237060546875,0.8832866479925303,0.7909698996655519,0.8615664845173042,0.9061302681992337
307,2936,0.989990234375,0.8677419354838709,0.7663817663817664,0.9889705882352942,0.7729885057471264
308,2940,0.98699951171875,0.8922610015174507,0.8054794520547945,0.8837675350701403,0.9009193054136875
309,2942,0.990966796875,0.8492871690427698,0.7380530973451327,0.7568058076225045,0.9675174013921114
310,2947,0.9976806640625,0.9136363636363637,0.8410041841004184,0.8777292576419214,0.95260663507109
311,2948,0.99627685546875,0.9301260022909508,0.8693790149892934,0.9783132530120482,0.8864628820960698
312,295,0.999267578125,0.9755102040816327,0.952191235059761,1.0,0.952191235059761
313,2954,0.99554443359375,0.0,0.0,0.0,1.0
314,2965,0.97039794921875,0.24806201550387594,0.1415929203539823,0.14336917562724014,0.9195402298850575
315,2971,0.9752197265625,0.1680327868852459,0.09172259507829977,0.12974683544303797,0.23837209302325582
316,2984,0.99322509765625,0.8614232209737828,0.756578947368421,0.8984375,0.8273381294964028
317,299,0.99761962890625,0.9499358151476252,0.9046454767726161,0.9973045822102425,0.9068627450980392
318,2991,0.98626708984375,0.842986741102582,0.7285886610373945,0.7655259822560203,0.937888198757764
319,2993,0.98077392578125,0.0,0.0,0.0,0.0
320,2999,0.98455810546875,0.36272040302267006,0.22153846153846155,0.22153846153846155,1.0
321,3010,0.99041748046875,0.0,0.0,0.0,1.0
322,3013,0.99237060546875,0.0,0.0,0.0,1.0
323,3017,0.99176025390625,0.873477038425492,0.7753743760399334,0.8189806678383128,0.9357429718875502
324,3024,0.99853515625,0.967391304347826,0.9368421052631579,0.978021978021978,0.956989247311828
325,3025,0.99859619140625,0.9717791411042944,0.9451073985680191,0.9588377723970944,0.9850746268656716
326,3026,0.9970703125,0.9292035398230089,0.8677685950413223,0.984375,0.8798882681564246
327,3028,0.99822998046875,0.7521367521367521,0.6027397260273972,1.0,0.6027397260273972
328,3031,0.995849609375,0.9672762271414822,0.9366262814538676,0.9410112359550562,0.995049504950495
329,3036,0.97320556640625,0.0,0.0,0.0,0.0
330,3042,0.96514892578125,0.31287605294825505,0.18544935805991442,0.37037037037037035,0.2708333333333333
331,3045,0.98577880859375,0.7481081081081081,0.5975820379965457,0.6975806451612904,0.8065268065268065
332,3048,0.99774169921875,0.0,0.0,0.0,1.0
333,3057,0.9859619140625,0.7012987012987013,0.54,0.8256880733944955,0.6094808126410836
334,3064,0.9923095703125,0.5800000000000001,0.4084507042253521,0.4084507042253521,1.0
335,31,0.99761962890625,0.9324090121317157,0.8733766233766234,0.9405594405594405,0.9243986254295533
336,312,0.9981689453125,0.963855421686747,0.9302325581395349,0.9950248756218906,0.9345794392523364
337,337,0.99871826171875,0.9648241206030151,0.9320388349514563,0.972972972972973,0.9568106312292359
338,338,0.99908447265625,0.9718574108818012,0.9452554744525548,0.9923371647509579,0.9522058823529411
339,345,0.99578857421875,0.8787346221441126,0.7836990595611285,0.7836990595611285,1.0
340,35,0.99993896484375,0.983050847457627,0.9666666666666667,1.0,0.9666666666666667
341,369,0.99853515625,0.8899082568807339,0.8016528925619835,0.8738738738738738,0.9065420560747663
342,37,0.999267578125,0.9620253164556962,0.926829268292683,0.9325153374233128,0.9934640522875817
343,379,0.9979248046875,0.9170731707317074,0.8468468468468469,0.8663594470046083,0.9740932642487047
344,38,0.99884033203125,0.9521410579345088,0.9086538461538461,0.9310344827586207,0.9742268041237113
345,383,0.99761962890625,0.9530685920577617,0.9103448275862069,0.9777777777777777,0.9295774647887324
346,393,0.99853515625,0.0,0.0,0.0,1.0
347,396,0.992919921875,0.8699551569506727,0.7698412698412699,0.9797979797979798,0.782258064516129
348,398,0.9984130859375,0.9626436781609196,0.9279778393351801,0.9738372093023255,0.9517045454545454
349,40,0.99908447265625,0.9616368286445013,0.9261083743842364,1.0,0.9261083743842364
350,419,0.998779296875,0.9728997289972899,0.9472295514511874,0.9755434782608695,0.9702702702702702
351,420,0.997314453125,0.9434447300771208,0.8929440389294404,0.8995098039215687,0.9918918918918919
352,430,0.9986572265625,0.9256756756756757,0.8616352201257862,0.9856115107913669,0.8726114649681529
353,431,0.99957275390625,0.9729729729729729,0.9473684210526315,0.9767441860465116,0.9692307692307692
354,436,0.99786376953125,0.8444444444444443,0.7307692307692307,1.0,0.7307692307692307
355,441,0.99267578125,0.844559585492228,0.7309417040358744,0.7358916478555305,0.9908814589665653
356,452,0.99896240234375,0.952112676056338,0.9086021505376344,0.9712643678160919,0.9337016574585635
357,456,0.99853515625,0.9771863117870723,0.9553903345724907,0.9771863117870723,0.9771863117870723
358,463,0.99761962890625,0.8115942028985507,0.6829268292682927,0.9438202247191011,0.711864406779661
359,465,0.9986572265625,0.9565217391304348,0.9166666666666666,0.9236641221374046,0.9918032786885246
360,47,0.993896484375,0.8666666666666666,0.7647058823529411,1.0,0.7647058823529411
361,476,0.99932861328125,0.9105691056910569,0.835820895522388,0.9655172413793104,0.8615384615384616
362,492,0.99761962890625,0.926829268292683,0.8636363636363636,0.9840637450199203,0.875886524822695
363,495,0.99908447265625,0.8484848484848485,0.7368421052631579,0.8571428571428571,0.84
364,500,0.9984130859375,0.9304812834224598,0.87,0.9015544041450777,0.9613259668508287
365,506,0.99432373046875,0.8894173602853745,0.8008565310492506,1.0,0.8008565310492506
366,509,0.99700927734375,0.8852459016393444,0.7941176470588235,0.9742268041237113,0.8111587982832618
367,518,0.99945068359375,0.928,0.8656716417910447,0.8656716417910447,1.0
368,52,0.9959716796875,0.9129287598944591,0.8398058252427184,0.9801699716713881,0.854320987654321
369,521,0.99798583984375,0.9396709323583181,0.8862068965517241,0.9922779922779923,0.8923611111111112
370,525,0.99822998046875,0.962962962962963,0.9285714285714286,0.9691516709511568,0.9568527918781726
371,529,0.99859619140625,0.9551656920077973,0.914179104477612,0.914179104477612,1.0
372,531,0.997314453125,0.0,0.0,0.0,1.0
373,533,0.99908447265625,0.9631449631449632,0.9289099526066351,0.9514563106796117,0.9751243781094527
374,538,0.9969482421875,0.9687108886107635,0.9393203883495146,0.9602977667493796,0.9772727272727273
375,54,0.994140625,0.7486910994764396,0.5983263598326359,0.959731543624161,0.6137339055793991
376,542,0.99560546875,0.9529411764705882,0.9101123595505618,0.9566929133858267,0.94921875
377,544,0.99755859375,0.948586118251928,0.902200488997555,0.9485861182519281,0.9485861182519281
378,560,0.98406982421875,0.6189781021897811,0.44820295983086683,0.4638949671772429,0.9298245614035088
379,564,0.99554443359375,0.8832,0.7908309455587392,0.7976878612716763,0.989247311827957
380,573,0.99822998046875,0.9327146171693734,0.8739130434782608,1.0,0.8739130434782608
381,574,0.9893798828125,0.7698412698412698,0.6258064516129033,1.0,0.6258064516129033
382,578,0.99884033203125,0.0,0.0,0.0,1.0
383,581,0.99853515625,0.9625,0.927710843373494,0.9808917197452229,0.9447852760736196
384,582,0.998779296875,0.9722991689750692,0.9460916442048517,0.9859550561797753,0.9590163934426229
385,588,0.99920654296875,0.96,0.9230769230769231,0.9873417721518988,0.9341317365269461
386,594,0.99749755859375,0.9401459854014599,0.8870523415977961,0.9817073170731707,0.9019607843137255
387,599,0.99896240234375,0.9558441558441558,0.9154228855721394,0.9292929292929293,0.983957219251337
388,6,0.99847412109375,0.900398406374502,0.8188405797101449,0.8248175182481752,0.9912280701754386
389,603,0.9981689453125,0.8993288590604027,0.8170731707317073,0.8993288590604027,0.8993288590604027
390,604,0.998779296875,0.954337899543379,0.9126637554585153,0.954337899543379,0.954337899543379
391,609,0.9979248046875,0.9775429326287979,0.9560723514211886,0.9853528628495339,0.9698558322411533
392,613,0.99664306640625,0.9458128078817734,0.897196261682243,0.9195402298850575,0.973630831643002
393,614,0.99700927734375,0.9048543689320389,0.8262411347517731,0.9282868525896414,0.8825757575757576
394,615,0.990966796875,0.11904761904761907,0.06329113924050633,0.06329113924050633,1.0
395,617,0.99920654296875,0.9635854341736695,0.9297297297297298,0.9942196531791907,0.9347826086956522
396,621,0.99261474609375,0.8158295281582952,0.6889460154241646,0.7745664739884393,0.8617363344051447
397,627,0.97564697265625,0.7373271889400922,0.583941605839416,0.5938494167550371,0.9722222222222222
398,629,0.95062255859375,0.012210012210012208,0.006142506142506142,0.006142506142506142,1.0
399,634,0.999267578125,0.934065934065934,0.8762886597938144,0.9139784946236559,0.9550561797752809
400,635,0.99853515625,0.9557195571955719,0.9151943462897526,0.9522058823529411,0.9592592592592593
401,644,0.99395751953125,0.8748419721871049,0.7775280898876404,0.9637883008356546,0.8009259259259259
402,648,0.99835205078125,0.9533678756476683,0.9108910891089109,0.9419795221843004,0.965034965034965
403,652,0.99853515625,0.9772296015180266,0.9554730983302412,0.998062015503876,0.9572490706319703
404,653,0.998291015625,0.9682539682539684,0.9384615384615385,0.9953379953379954,0.9426048565121413
405,660,0.998046875,0.9741935483870968,0.949685534591195,0.9695024077046549,0.9789303079416531
406,663,0.99853515625,0.9669421487603305,0.936,0.9410187667560321,0.9943342776203966
407,672,0.9993896484375,0.9753694581280788,0.9519230769230769,0.99,0.9611650485436893
408,675,0.9981689453125,0.918918918918919,0.85,0.8542713567839196,0.9941520467836257
409,679,0.998291015625,0.9251336898395722,0.8606965174129353,0.9774011299435028,0.8781725888324873
410,684,0.99859619140625,0.9818181818181819,0.9642857142857143,0.9779527559055118,0.9857142857142858
411,688,0.99896240234375,0.943894389438944,0.89375,0.9862068965517241,0.9050632911392406
412,69,0.99847412109375,0.9283667621776505,0.8663101604278075,0.9700598802395209,0.8901098901098901
413,695,0.99249267578125,0.0,0.0,0.0,1.0
414,70,0.993408203125,0.6142857142857143,0.44329896907216493,0.9555555555555556,0.45263157894736844
415,703,0.99749755859375,0.927689594356261,0.8651315789473685,0.8651315789473685,1.0
416,709,0.99737548828125,0.7860696517412936,0.6475409836065574,0.9518072289156626,0.6694915254237288
417,716,0.98455810546875,0.8138337012509198,0.6861042183622829,0.793400286944046,0.8353474320241692
418,721,0.98040771484375,0.6389201349831272,0.46942148760330576,0.47019867549668876,0.9964912280701754
419,722,0.9945068359375,0.0,0.0,0.0,1.0
420,729,0.9989013671875,0.9494382022471909,0.9037433155080213,0.9941176470588236,0.9086021505376344
421,730,0.9971923828125,0.9315476190476191,0.871866295264624,0.9660493827160493,0.8994252873563219
422,731,0.99090576171875,0.8036890645586297,0.6718061674008811,0.7402912621359223,0.8789625360230547
423,736,0.9871826171875,0.6546052631578948,0.48655256723716384,0.48655256723716384,1.0
424,739,0.98333740234375,0.67538644470868,0.5098743267504489,0.9692832764505119,0.5182481751824818
425,745,0.99365234375,0.9436619718309859,0.8933333333333333,0.9667036625971143,0.9216931216931217
426,750,0.97955322265625,0.6763285024154589,0.5109489051094891,0.5263157894736842,0.9459459459459459
427,765,0.99822998046875,0.9294403892944039,0.8681818181818182,0.9271844660194175,0.9317073170731708
428,770,0.99761962890625,0.9549132947976878,0.9137168141592921,0.9472477064220184,0.9627039627039627
429,786,0.96685791015625,0.6578449905482042,0.49014084507042255,0.4915254237288136,0.9942857142857143
430,787,0.986328125,0.8717067583046965,0.7725888324873097,0.7837281153450052,0.9819354838709677
431,8,0.996826171875,0.8289473684210525,0.7078651685393258,0.863013698630137,0.7974683544303798
432,810,0.9974365234375,0.904977375565611,0.8264462809917356,0.9950248756218906,0.8298755186721992
433,812,0.9962158203125,0.9382470119521912,0.8836772983114447,0.9936708860759493,0.8886792452830189
434,818,0.99658203125,0.7407407407407407,0.5882352941176471,1.0,0.5882352941176471
435,824,0.95928955078125,0.3580365736284889,0.21805392731535755,0.21805392731535755,1.0
436,829,0.9727783203125,0.5044444444444445,0.337295690936107,0.3703099510603589,0.7909407665505227
437,835,0.97296142578125,0.0,0.0,0.0,1.0
438,837,0.99871826171875,0.896551724137931,0.8125,0.8348623853211009,0.9680851063829787
439,844,0.99053955078125,0.0,0.0,0.0,0.0
440,848,0.99652099609375,0.9107981220657277,0.8362068965517241,0.9831081081081081,0.8483965014577259
441,849,0.99774169921875,0.9585666293393057,0.9204301075268817,0.9532293986636972,0.963963963963964
442,854,0.99371337890625,0.8474074074074075,0.7352185089974294,1.0,0.7352185089974294
443,858,0.98101806640625,0.5392592592592593,0.3691683569979716,0.4504950495049505,0.6715867158671587
444,87,0.99884033203125,0.9683860232945091,0.9387096774193548,0.9509803921568627,0.9864406779661017
445,884,0.99609375,0.9307359307359309,0.8704453441295547,0.9684684684684685,0.8958333333333334
446,893,0.9991455078125,0.9421487603305785,0.890625,0.991304347826087,0.8976377952755905
447,90,0.9947509765625,0.8771428571428571,0.7811704834605598,0.9967532467532467,0.7831632653061225
448,919,0.9990234375,0.8490566037735849,0.7377049180327869,0.9183673469387755,0.7894736842105263
449,924,0.9991455078125,0.9691629955947136,0.9401709401709402,0.9565217391304348,0.9821428571428571
450,927,0.9986572265625,0.9191176470588236,0.8503401360544217,1.0,0.8503401360544217
451,931,0.99920654296875,0.923076923076923,0.8571428571428571,1.0,0.8571428571428571
452,939,0.99774169921875,0.8603773584905661,0.7549668874172185,1.0,0.7549668874172185
453,942,0.999267578125,0.9586206896551723,0.9205298013245033,0.9788732394366197,0.9391891891891891
454,950,0.999267578125,0.918918918918919,0.85,0.918918918918919,0.918918918918919
455,96,0.99896240234375,0.9288702928870293,0.8671875,0.9823008849557522,0.8809523809523809
456,966,0.99884033203125,0.9205020920502092,0.8527131782945736,0.9482758620689655,0.8943089430894309
457,969,0.995849609375,0.7553956834532375,0.6069364161849711,0.625,0.9545454545454546
458,974,0.9989013671875,0.7631578947368421,0.6170212765957447,0.8285714285714286,0.7073170731707317
459,99,0.99249267578125,0.32044198895027626,0.19078947368421054,0.19078947368421054,1.0
